Food Name,Ingredients,SuitableForDiabetic,Calories_(kcal),Carbohydrate_(g),Protein_(g),Fat_(g),Fiber_(g),Free_sugars_(g),Cholesterol_(mg),Sodium_(mg)
ALMONDS,['ALMONDS'],TRUE,180,6,6,15,13.1,2.196240606,0,29.13772744
AMBUL KESEL,['AMBUL KESEL'],TRUE,45,11,0.5,0.1,,0.973529616,0,35.51198816
AMBUN KESEL,['AMBUN KESEL'],TRUE,90,23,1.3,0.3,,0.973529616,0,35.51198816
APPLE,['APPLE'],TRUE,80,22,0,0,,0.973529616,0,35.51198816
AVOCADO,['AVOCADO'],TRUE,80,4.3,1,7.4,,0.973529616,0,35.51198816
BANANA,['BANANA'],TRUE,90,23,1,0,,0.973529616,0,35.51198816
BATTER CAROL BISCUIT,['BATTER CAROL BISCUIT'],TRUE,26,4.2,0.4,0.75,,0.973529616,0,35.51198816
BEETROOT CURRY WITH COCONUT MILK,['BEETROOT CURRY WITH COCONUT MILK'],TRUE,89,11,2,4.7,,0.973529616,0,35.51198816
BOILED CHICKPEAS,['BOILED CHICKPEAS'],TRUE,164,27,9,2.6,,0.973529616,0,35.51198816
BOILED COWPEA,['BOILED COWPEA'],TRUE,116,21,7.7,0.5,,0.973529616,0,35.51198816
BOILED JACKFRUIT SEED,['BOILED JACKFRUIT SEED'],TRUE,13,2.5,0.6,0.1,,0.973529616,0,35.51198816
BOILED MUNG,['BOILED MUNG'],TRUE,105,19,7,0.4,,0.973529616,0,35.51198816
BOILED POTATOES,['BOILED POTATOES'],TRUE,44,10.3,1,0.1,,0.973529616,0,35.51198816
BOILED SWEET POTATO,['BOILED SWEET POTATO'],TRUE,90,20,1.6,0.1,,0.973529616,0,35.51198816
BROWN RICE,['BROWN RICE'],TRUE,90,19,2,1,,0.973529616,0,35.51198816
BUTTER CAKE,['BUTTER CAKE'],TRUE,220,27,2,12,,0.973529616,0,35.51198816
"CASHEW APPLE, RAW","['CASHEW APPLE, RAW']",TRUE,290.1459459,20.97941667,4.363083333,5.174083333,0,1.72575162,17.62763952,594.6611403
"CASHEW NUTS, ROASTED, SALTED","['CASHEW NUTS', 'ROASTED', 'SALTED']",TRUE,139.2,25.52,2.86,3.94,4.3248,3.1926,0,9.1188002
CHICKEN BREAST,['CHICKEN BREAST'],TRUE,165,0,31,3.6,,0.973529616,0,35.51198816
CHICKEN CURRY,['CHICKEN CURRY'],TRUE,180,0,27,8,,0.973529616,0,35.51198816
CHICKEN GRAVY,['CHICKEN GRAVY'],TRUE,25,0,3.5,1.5,,0.973529616,0,35.51198816
CHOCO BAR,['CHOCO BAR'],TRUE,60,6,0.5,4,,0.973529616,0,35.51198816
CHOCOLATE,['CHOCOLATE'],TRUE,104.4,12.9,0.6,5.5,,0.973529616,0,35.51198816
CHOCOLATE CREAM BISCUIT,['CHOCOLATE CREAM BISCUIT'],TRUE,53,8,1,2,,0.973529616,0,35.51198816
CHOCOLATE ICE CREAM,['CHOCOLATE ICE CREAM'],TRUE,154,14,2.6,10,,0.973529616,0,35.51198816
CHOCOLATE MARIE BISCUIT,['CHOCOLATE MARIE BISCUIT'],TRUE,15,2.8,0.3,0.4,,0.973529616,0,35.51198816
COCONUT MILK 1ST 2ND 3RD EXTRACTIONS,['COCONUT MILK 1ST 2ND 3RD EXTRACTIONS'],TRUE,15,1,0.2,1.4,,0.973529616,0,35.51198816
COCONUT MILK 1ST 2ND EXTRACTIONS,['COCONUT MILK 1ST 2ND EXTRACTIONS'],TRUE,20,1.3,0.2,1.9,,0.973529616,0,35.51198816
COCONUT MILK 1ST EXTRACTION,['COCONUT MILK 1ST EXTRACTION'],TRUE,30,1.5,0.3,2.7,,0.973529616,0,35.51198816
COCONUT SAMBAL,['COCONUT SAMBAL'],TRUE,157,6.4,2,13.7,,0.973529616,0,35.51198816
CREAM CRACKER BISCUIT,['CREAM CRACKER BISCUIT'],TRUE,37,6,0.9,1.2,,0.973529616,0,35.51198816
CUCUMBER FLESH,['CUCUMBER FLESH'],TRUE,6,1.5,0.3,0.05,,0.973529616,0,35.51198816
CUCUMBER SALAD,['CUCUMBER SALAD'],TRUE,35,7,1,0,2.3,2.729802191,0,3.799566
CUSTARD CREAM BISCUIT,['CUSTARD CREAM BISCUIT'],TRUE,54,9,0.6,2,,0.973529616,0,35.51198816
DAN,['DAN'],TRUE,290.1459459,20.97941667,4.363083333,5.174083333,,1.72575162,17.62763952,594.6611403
DARK CHOCOLATE,['DARK CHOCOLATE'],TRUE,282,29,3,18,,0.973529616,8.638186646,35.51198816
DHAL CURRY,['DHAL CURRY'],TRUE,100,14,7,2,,0.973529616,0,35.51198816
DHAL CURRY WITH COCONUT MILK,['DHAL CURRY WITH COCONUT MILK'],TRUE,80,12,5,3.5,,0.973529616,0,35.51198816
"DRINKING YOGHURT, FLAVORED OR SWEETENED","['DRINKING YOGHURT, FLAVORED OR SWEETENED']",TRUE,232.6,22.68,2.14,2.9,0,4.506817279,0,20
EGG,['EGG'],TRUE,70,0.4,6,5,,0.973529616,0,35.51198816
EGG YOLK,['EGG YOLK'],TRUE,52,0.55,2.5,4.2,,0.973529616,0,35.51198816
FRIED GRAMS SNACK,['FRIED GRAMS SNACK'],TRUE,290.1459459,20.97941667,4.363083333,5.174083333,,1.72575162,17.62763952,594.6611403
FRIED HALMESSO,['FRIED HALMESSO'],TRUE,75,0,7.5,4.5,,0.973529616,0,35.51198816
FRIED KARAWALA,['FRIED KARAWALA'],TRUE,85,0,9,5,,0.973529616,0,35.51198816
GELATIN,['GELATIN'],TRUE,290.1459459,20.97941667,4.363083333,5.174083333,,1.72575162,17.62763952,594.6611403
GINGER FINGER BISCUIT,['GINGER FINGER BISCUIT'],TRUE,18,2.8,0.2,0.5,,0.973529616,0,35.51198816
GOLD MARIE BISCUIT,['GOLD MARIE BISCUIT'],TRUE,17,2.8,0.29,0.4,,0.973529616,0,35.51198816
GREEK YOGURT,['GREEK YOGURT'],TRUE,100,4,10,5,,0.973529616,0,35.51198816
GUAVA,['GUAVA'],TRUE,37,9.2,1,0.2,,0.973529616,0,35.51198816
HAWAIIAN COOKIE,['HAWAIIAN COOKIE'],TRUE,25.6,3.5,0.32,1.1,,0.973529616,0,35.51198816
HOPPERS,['HOPPERS'],TRUE,120,20,3,4,1.8,3.657757274,0,3.07355114
JACKFRUIT,['JACKFRUIT'],TRUE,33,8.2,0.6,0.2,,0.973529616,0,35.51198816
JELLY JUJUB,['JELLY JUJUB'],TRUE,14,3.4,0,0,,0.973529616,0,35.51198816
KIRI HODI,['KIRI HODI'],TRUE,100,4,1,9,,0.973529616,0,35.51198816
KIRIBATH,['KIRIBATH'],TRUE,150,16,1.9,7,,0.973529616,0,35.51198816
KIRIBATH,['KIRIBATH'],TRUE,150,16,1.9,7,,0.973529616,0,35.51198816
KOLA MALLUM,['KOLA MALLUM'],TRUE,80,5,1,5,,0.973529616,0,35.51198816
KOTMALE VANILLA MILK,['KOTMALE VANILLA MILK'],TRUE,124,21,3.4,3,,0.973529616,0,35.51198816
KURUMBA,['KURUMBA'],TRUE,75,8.9,2.2,4.1,,0.973529616,8.638186646,35.51198816
"LEEKS AND POTATO, W/ COCONUT MILK","['LEEKS', 'POTATO', 'W/ COCONUT MILK']",TRUE,209.4,29.48,4.44,9.04,,4.91139869,35.16,43.45720113
LEMON PUFF,['LEMON PUFF'],TRUE,59,8.7,0.7,2.3,,0.973529616,0,35.51198816
"LOTUS SEED, DRY","['LOTUS SEED, DRY']",TRUE,290.1459459,20.97941667,4.363083333,5.174083333,,1.72575162,17.62763952,594.6611403
LUNU MIRIS,['LUNU MIRIS'],TRUE,12,1.43,0.87,0.04,,0.973529616,0,35.51198816
MANGO CHUTNEY,['MANGO CHUTNEY'],TRUE,60,15,0.5,0,,0.973529616,0,35.51198816
MARIE BISCUIT,['MARIE BISCUIT'],TRUE,17,2.8,0.29,0.4,,0.973529616,0,35.51198816
MILK CREAM BISCUIT,['MILK CREAM BISCUIT'],TRUE,56,8.5,0.6,2.5,,0.973529616,0,35.51198816
NECTO,['NECTO'],TRUE,30,7.3,0,0,,0.973529616,0,35.51198816
NICE BISCUIT,['NICE BISCUIT'],TRUE,42,6.6,0.63,1.6,,0.973529616,0,35.51198816
OATS,['OATS'],TRUE,150,27,5,3,,0.973529616,0,35.51198816
OLIVE OIL,['OLIVE OIL'],TRUE,120,0,0,14,,0.973529616,0,35.51198816
ORANGE,['ORANGE'],TRUE,62,15.4,1.2,0.2,,1.82696062,0,9.752600045
ORANGE CREAM BISCUIT,['ORANGE CREAM BISCUIT'],TRUE,54,9,0.6,2,,0.973529616,0,35.51198816
"PALMYRA FRUIT, JELLY SEEDS, RAW","['PALMYRA FRUIT, JELLY SEEDS, RAW']",TRUE,111.4,22.68,2.14,2.9,0.3,1.302432189,0,9.516584116
PANEER,['PANEER'],TRUE,290.1459459,20.97941667,4.363083333,5.174083333,,1.72575162,17.62763952,594.6611403
PANI MURUKKU,['PANI MURUKKU'],TRUE,46,7.5,0.8,0.9,,0.973529616,0,35.51198816
PAPADAM,['PAPADAM'],TRUE,21,3.7,1,1,,0.973529616,0,35.51198816
PEANUT BUTTER,['PEANUT BUTTER'],TRUE,190,7,8,16,,0.973529616,0,35.51198816
POLOS CURRY,['POLOS CURRY'],TRUE,137,19.04,9.02,2.42,,0.973529616,0,35.51198816
"PUMPKIN SEEDS, DRY","['PUMPKIN SEEDS, DRY']",TRUE,290.1459459,20.97941667,4.363083333,5.174083333,,1.72575162,17.62763952,594.6611403
QUINOA,['QUINOA'],TRUE,120,21,4,2,,0.973529616,0,35.51198816
RAMONTCHI,['RAMONTCHI'],TRUE,290.1459459,20.97941667,4.363083333,5.174083333,,1.72575162,17.62763952,594.6611403
RED RICE,['RED RICE'],TRUE,112,23,2.4,0.8,,0.973529616,0,35.51198816
SALMON,['SALMON'],TRUE,208,0,20,13,,0.973529616,0,35.51198816
SKIM MILK,['SKIM MILK'],TRUE,80,12,8,0,,0.973529616,0,35.51198816
SOYA MEAT CURRY,['SOYA MEAT CURRY'],TRUE,84,8,6,4,,0.973529616,0,35.51198816
SOYA MEAT CURRY WITH COCONUT MILK,['SOYA MEAT CURRY WITH COCONUT MILK'],TRUE,110,13,11,0.6,,0.973529616,0,35.51198816
SPICY CASHEW,['SPICY CASHEW'],TRUE,221,25,6.06,9.8,,0.973529616,0,35.51198816
STRING HOPPERS,['STRING HOPPERS'],TRUE,200,28.8,7.38,6,,0.973529616,0,35.51198816
THALA BOLA,['THALA BOLA'],TRUE,26,3.2,0.6,1.6,,0.973529616,0,35.51198816
THOSAI,['THOSAI'],TRUE,120,13.8,2.2,6.6,,0.973529616,0,35.51198816
TOMATO SAUCE,['TOMATO SAUCE'],TRUE,41,8.75,0.37,0.45,,0.973529616,0,35.51198816
TUNA,['TUNA'],TRUE,132,0,29,0.6,,0.973529616,0,35.51198816
VEGETABLE CURRY WITH COCONUT MILK,['VEGETABLE CURRY WITH COCONUT MILK'],TRUE,120,10,1,9,,0.973529616,0,35.51198816
VEGETABLE CURRY WITH COCONUT OIL,['VEGETABLE CURRY WITH COCONUT OIL'],TRUE,80,12,1,5,,0.973529616,0,35.51198816
VEGETABLE ROLL,['VEGETABLE ROLL'],TRUE,120,18,3,4,,0.973529616,0,35.51198816
VEGETABLE SOUP,['VEGETABLE SOUP'],TRUE,30,6,1.5,0.3,4.264503002,2.638001919,0,21.76308441
WALNUTS,['WALNUTS'],TRUE,190,4,4,18,,0.973529616,0,35.51198816
WATERMELON,['WATERMELON'],TRUE,30,7.6,0.6,0.2,,0.973529616,0,35.51198816
WHITE RICE,['WHITE RICE'],TRUE,110,24,2,0,,0.973529616,0,35.51198816
WHITE SUGAR,['WHITE SUGAR'],TRUE,16,4,0,0,,0.973529616,0,35.51198816
WHOLE MILK,['WHOLE MILK'],TRUE,130,10,7,7,,0.973529616,0,35.51198816
WONDER CHOC ICE CREAM,['WONDER CHOC ICE CREAM'],TRUE,206,18,2.4,14,,0.973529616,0,35.51198816
YOGURT,['YOGURT'],TRUE,90,10,5,3,,0.973529616,0,35.51198816
Red Rice with Dhal Curry,"[""Red Rice"", ""Dhal"", ""Turmeric"", ""Garlic"", ""Salt""]",TRUE,280,45,10,5,8,,,
Kola Kenda,"[""Gotukola"", ""Rice"", ""Coconut Milk"", ""Garlic"", ""Salt""]",TRUE,120,20,3,2,2,,,
Boiled Mung Beans,"[""Mung Beans"", ""Water"", ""Salt""]",TRUE,150,27,9,1,7,,,
Grilled Fish with Gotukola Salad,"[""Fish"", ""Gotukola"", ""Onion"", ""Lime"", ""Salt""]",TRUE,220,5,25,10,3,,,
Boiled Jak Seeds,"[""Jak Seeds"", ""Water""]",TRUE,180,30,5,1,6,,,
